/*
	Author : Thomas Grossmann / Mounir Fiaux / generatedata.com
	Database : SiteJeux_BD_TGN_MFX
	Date : 17.01.2020
*/

use SiteJeuxBD_TGN_MFX
go

--ALL OF THESE DATA (except the types_providers table) WERE GENERATED WITH GENERATEDATA.COM !

--Insertion of 300 data in the table customers
INSERT INTO customers([lastname],[firstname],[nickname],[mail],[phoneNumber]) VALUES('Wiggins','Maryam','iaculis','lorem@pedeNunc.com','078 848 56 13'),('Roberson','Camilla','In scelerisque','gravida@dictumsapienAenean.ca','073 813 86 93'),('Huffman','Leilani','lacinia','est.Mauris@feugiatnon.ca','079 822 43 85'),('Mckenzie','Joy','vehicula aliquet','et@Curabiturdictum.net','074 935 33 28'),('Vaughn','Amela','porttitor eros','Nullam.vitae@arcuVestibulum.ca','077 869 21 63'),('Dickerson','Raya','Morbi','Vivamus.molestie@semelitpharetra.net','072 933 35 44'),('Atkins','Isaac','porttitor','Fusce.aliquet@dapibusgravida.com','071 757 61 64'),('Sullivan','Mark','molestie sodales.','netus.et@feugiatSed.net','075 134 66 45'),('Ratliff','Iola','sociis','ultrices.posuere@nisl.ca','072 921 18 69'),('Strong','Scott','Donec egestas.','Nam@scelerisqueloremipsum.co.uk','071 225 39 87');
INSERT INTO customers([lastname],[firstname],[nickname],[mail],[phoneNumber]) VALUES('Ramirez','Keaton','iaculis aliquet','ultrices.Vivamus@varius.edu','072 999 73 61'),('Figueroa','Drake','tortor. Integer','erat.neque.non@mauris.org','078 767 22 35'),('Weber','Phoebe','ornare.','Ut.nec@penatibusetmagnis.com','076 238 24 28'),('Riley','Timothy','placerat eget,','Sed.id@seddolorFusce.ca','071 216 26 71'),('Grant','Fulton','nibh','gravida@aenimSuspendisse.net','072 749 88 56'),('Coffey','Eve','et','metus@ultricesDuis.org','073 776 78 21'),('Tillman','Ivory','odio','auctor.odio.a@Curabiturconsequatlectus.edu','073 395 29 13'),('Medina','Forrest','eu','amet@Phasellusvitae.net','076 885 97 69'),('Bean','Leonard','eros. Proin','diam.Pellentesque@ultriciesligula.edu','077 533 49 63'),('England','Victoria','metus','ut.quam@vehiculaPellentesque.com','079 444 55 87');
INSERT INTO customers([lastname],[firstname],[nickname],[mail],[phoneNumber]) VALUES('Marshall','Daphne','luctus','turpis@nullaCras.com','078 443 77 97'),('Buckley','Emma','semper tellus','pharetra@viverraMaecenasiaculis.co.uk','076 978 62 37'),('Goodwin','Talon','adipiscing ligula.','velit.Aliquam@aliquam.edu','071 211 29 18'),('Bullock','Simon','euligula.','mi@estMauriseu.org','079 337 46 57'),('David','Isaac','nec','dignissim.magna@liberoProinsed.edu','078 857 27 47'),('Cameron','Dante','inceptos','Proin@scelerisquemollis.net','072 236 14 58'),('Nolan','Hanae','euret','sem@sociis.edu','074 483 43 13'),('Foley','Sophia','amet orci.','mattis.velit.justo@Phasellusat.ca','079 496 31 45'),('Pittman','Kerry','Cras pellentesque.','bibendum.fermentum.metus@molestie.edu','078 141 54 15'),('Newman','Marsden','arcu.','a.odio@Nunc.co.uk','071 833 53 12');
INSERT INTO customers([lastname],[firstname],[nickname],[mail],[phoneNumber]) VALUES('Ayala','Yasir','ac','Morbi.metus@quis.org','072 935 56 69'),('Short','Mallory','mus.','diam.Proin.dolor@pedeacurna.ca','072 997 75 58'),('Rivera','Michelle','habitant','orci.sem@ligula.ca','072 515 79 52'),('Gould','Dante','sodales','Phasellus@etlaciniavitae.ca','072 656 16 85'),('Cole','Juliet','gravida','enim.Etiam.gravida@consequatauctor.net','077 923 43 93'),('Justice','Emily','et magnis','Maecenas.ornare.egestas@turpisNullaaliquet.net','073 529 95 43'),('Clark','Tatyana','Mauris quis','sem.Pellentesque.ut@metus.edu','075 278 96 67'),('Rosa','Craig','dictum mi,','faucibus.Morbi.vehicula@rutrumjustoPraesent.ca','075 991 82 28'),('Horne','Karina','Praesent','Cras@enimNuncut.com','074 462 42 62'),('Moore','Austin','aliquam','et.risus.Quisque@Duismienim.org','076 923 18 59');
INSERT INTO customers([lastname],[firstname],[nickname],[mail],[phoneNumber]) VALUES('Taylor','Evan','iaculisome','posuere.vulputate.lacus@fermentumconvallisligula.ca','079 164 48 88'),('Mcdonald','Jescie','Donec feugiat','mauris.blandit@quisdiamPellentesque.co.uk','071 273 13 38'),('Barr','Hiram','pellentesque','vitae.aliquet@idsapien.ca','078 969 16 54'),('Peters','Wendy','aliquam culois,','vestibulum.massa@etmagnis.org','076 789 84 89'),('Salazar','Brett','vitae risus.','mi@molestieSed.net','071 262 25 22'),('Blackwell','Grady','luctus felis','feugiat@egetipsumSuspendisse.edu','073 262 87 75'),('Owens','Acton','sociis natoque','amet.risus@Cras.com','074 159 15 81'),('Kane','Amber','eu,','tellus.Suspendisse@pedeCum.net','076 178 49 13'),('Dudley','Callie','rutrum','id.erat@netus.edu','072 492 29 58'),('Higgins','Galvin','montes, nascetur','enim.nec.tempus@elit.edu','073 649 43 25');
INSERT INTO customers([lastname],[firstname],[nickname],[mail],[phoneNumber]) VALUES('Potter','Joelle','orci, consectetuer','fringilla.porttitor.vulputate@auctornon.ca','073 847 91 75'),('Fry','Adele','interdum','eleifend.nec@elit.net','079 221 18 97'),('Holmes','Sage','Nunc mauris','neque@fringillami.ca','077 547 45 19'),('Watson','Lane','lacinia.','sed.libero.Proin@sapiencursus.org','073 394 51 37'),('Sutton','Harlan','euismod mauris','est.ac.facilisis@nisimagna.co.uk','074 534 94 85'),('Baxter','Maite','Suspendisse dui.','ipsum.ac@parturientmontesnascetur.co.uk','072 438 55 88'),('Potts','Chloe','odio vel','ipsum@ornareIn.edu','072 155 96 62'),('Miranda','Sean','risus.','vitae.diam.Proin@diamDuis.com','072 622 11 89'),('Day','Amanda','nibhoriv','fermentum.risus@sit.org','072 434 38 53'),('Sears','Shay','natoque','et.pede@uteratSed.org','071 197 61 82');
INSERT INTO customers([lastname],[firstname],[nickname],[mail],[phoneNumber]) VALUES('Peterson','Clementine','Cras dictum','est.ac.facilisis@orciadipiscingnon.co.uk','074 582 26 27'),('Keller','Silas','urna convallis','Curabitur.dictum.Phasellus@gravidanuncsed.edu','078 845 74 49'),('Page','Lacy','vulputate,','neque.Nullam.nisl@aliquetsemut.org','077 524 33 65'),('Andrews','Caldwell','tincidunt pede','turpis@ligula.edu','071 384 58 83'),('Gardner','Celeste','tellus non','porttitor@dictumsapienAenean.com','071 867 45 66'),('Fowler','Ursula','Morbideli','Vivamus.non@turpis.org','079 854 61 49'),('Knight','Kelsey','egestas a,','sed.sem.egestas@purus.ca','076 294 47 56'),('Phelps','Yuli','aliquet','ligula.Nullam.feugiat@vehicularisus.com','071 227 21 95'),('Kidd','Jermaine','magna.','ac@nisiMauris.edu','077 392 68 71'),('Atkins','Neil','ornare','egestas.Sed.pharetra@atpretium.co.uk','074 133 55 18');
INSERT INTO customers([lastname],[firstname],[nickname],[mail],[phoneNumber]) VALUES('Evans','Kirsten','orci','tortor.nibh@vitaerisusDuis.edu','071 489 64 96'),('Jenkins','Myles','Nam tempor','lobortis.augue.scelerisque@Nullaeget.ca','073 268 51 13'),('Summers','Russell','malesuada vel,','fringilla@Donecnibh.ca','073 419 67 33'),('Pierce','Ifeoma','nibh lacinia','eu.euismod@In.com','079 161 43 13'),('Blake','Shana','mi felis,','interdum.Sed@necurna.co.uk','078 286 26 54'),('Soto','Gary','augue porttitor','augue.porttitor.interdum@luctusCurabituregestas.org','073 386 54 79'),('Chang','Bertha','egestas','In@tinciduntDonecvitae.com','079 689 47 27'),('Frederick','Marah','semper erat,','Nunc.commodo@utlacusNulla.net','079 571 89 81'),('Hess','Amy','Sed','semper@a.com','078 846 42 14'),('Rocha','Donna','convallis','erat.Etiam@Nullamvelit.edu','076 465 42 29');
INSERT INTO customers([lastname],[firstname],[nickname],[mail],[phoneNumber]) VALUES('Monroe','Aristotle','lacus. Cras','Cras.eget.nisi@ametornarelectus.edu','077 662 53 64'),('Odom','Brianna','mauris','fringilla.porttitor@Vivamuseuismod.com','073 639 75 69'),('Oneill','Yardley','vel','elementum@ac.co.uk','079 442 15 17'),('Travis','Dillon','Nunc mauris.','Proin.sed@sem.co.uk','073 431 89 14'),('Hanson','Kendall','vitaererisus.','tellus.non.magna@Suspendisse.org','078 144 42 87'),('Stokes','Mara','telluseu','auctor.Mauris.vel@SuspendissesagittisNullam.ca','077 376 81 15'),('Ashley','Cedric','dolor','aliquet@dictumultriciesligula.ca','078 394 54 28'),('Velasquez','Nissim','placerat.','quam@non.ca','072 897 89 42'),('Hardy','Duncan','Lorem ipsum','faucibus@quisturpis.org','072 173 27 86'),('Davenport','Hilel','convallisante','et@Maurisquis.ca','078 384 48 92');
INSERT INTO customers([lastname],[firstname],[nickname],[mail],[phoneNumber]) VALUES('Potts','Danielle','tempor','adipiscing@tempus.ca','075 151 99 95'),('Peters','Ashely','mus. Donec','fringilla.Donec@portaelit.edu','072 221 83 89'),('Valdez','Kai','adipiscing elit.','Aliquam.adipiscing.lobortis@aliquam.edu','076 792 58 84'),('Randall','Phyllis','porttitor interdum.','feugiat@orcitincidunt.net','077 571 92 33'),('Schmidt','Sheila','Quisque fringilla','mattis.ornare.lectus@odio.org','077 442 18 89'),('Hobbs','Candace','posuere cubilia','libero@Phasellusvitae.org','078 294 51 39'),('Jones','Dominic','ante. Nunc','quis@turpis.com','075 213 75 94'),('Schneider','Aurora','amet,','Aenean.eget.metus@non.com','071 292 15 57'),('House','Hop','ac turpis','dui.nec@idsapienCras.com','079 397 61 47'),('Vang','Deborah','odiomarvel','varius.ultrices@tinciduntnibh.ca','072 447 45 36');
INSERT INTO customers([lastname],[firstname],[nickname],[mail],[phoneNumber]) VALUES('Hall','Aladdin','gravida sit','nec@loremipsumsodales.co.uk','074 346 77 44'),('Walsh','Desiree','mattis.','ultrices.Duis@feugiat.com','071 196 52 54'),('Elliott','Jack','Integer','Suspendisse.commodo.tincidunt@tristiquesenectuset.co.uk','076 889 65 92'),('Melendez','Zena','non','eros.Proin@interdum.com','072 167 58 25'),('Atkinson','Alvin','odio.','fermentum.vel.mauris@Suspendissealiquet.org','071 664 94 33'),('Slater','Arthur','ametgrdt','netus@diamvelarcu.ca','075 758 53 37'),('Crawford','Cailin','enim,','eget.ipsum@Maecenas.ca','078 524 23 36'),('Lowery','Xenos','semper','Integer@nequevitaesemper.org','074 415 77 99'),('Riley','Jana','arcuutac','dui.nec.urna@Nunclectuspede.com','077 614 12 83'),('Taylor','Lacota','etftju','lacus.varius.et@leo.edu','076 164 64 92');
INSERT INTO customers([lastname],[firstname],[nickname],[mail],[phoneNumber]) VALUES('Mcpherson','Emery','ultrices iaculis','eget@libero.net','071 129 67 33'),('Atkins','Maya','Vestibulum ut','neque.Morbi.quis@montesnascetur.co.uk','074 281 39 78'),('Strong','Jenette','tristique ac,','et.risus.Quisque@diamluctus.co.uk','077 382 44 84'),('Conrad','Scott','non,','ornare@maurisInteger.net','071 996 58 98'),('Santana','Anastasia','aliquam adipiscing','ac@iaculisodio.co.uk','072 824 88 19'),('Turner','Indigo','imperdiet ornare.','ornare.lectus.ante@IntegerurnaVivamus.com','077 356 88 86'),('Sanchez','Jesse','dui augue','nunc@Nunc.net','071 454 81 95'),('Berger','Plato','ut,','consectetuer.mauris.id@maurissitamet.org','077 934 94 32'),('Gross','April','ipsum.','accumsan.neque.et@vitae.net','078 277 83 15'),('Ochoa','Felicia','In faucibus.','a.odio.semper@turpis.com','074 787 55 11');
INSERT INTO customers([lastname],[firstname],[nickname],[mail],[phoneNumber]) VALUES('Vaughan','Madonna','nonummy ipsum','sit.amet@nullaIntincidunt.net','071 349 55 76'),('Craft','Ayanna','dolor, tempus','sed.orci.lobortis@tinciduntvehicula.org','076 192 35 81'),('Delgado','Jared','Fusce','vulputate.posuere.vulputate@inconsequatenim.net','074 974 48 83'),('Stewart','Isaiah','Ut','magna@nisiAenean.edu','079 959 55 22'),('Cooke','Melodie','at,','mauris@ultrices.com','076 514 42 72'),('Knowles','Nora','Cras lorem','euismod.ac.fermentum@mollis.com','075 132 82 15'),('Rosales','Wendy','montesnascetur','a.aliquet.vel@amet.ca','071 345 71 59'),('Ward','Wynne','nunc','Morbi.metus@utaliquamiaculis.co.uk','077 797 84 12'),('Morrow','Cailin','aliquetrutodio.','Proin@atvelitPellentesque.com','076 933 59 41'),('Giles','Cyrus','Quisque','In.lorem@sapien.co.uk','071 237 12 86');
INSERT INTO customers([lastname],[firstname],[nickname],[mail],[phoneNumber]) VALUES('Huber','Bryar','turpis','Duis.dignissim.tempor@adipiscinglobortis.org','075 354 18 24'),('Baxter','Illiana','non ante','sem.Nulla.interdum@commodohendreritDonec.com','075 974 51 61'),('Flores','Sylvester','faucibus.','lorem.tristique.aliquet@Proinegetodio.net','077 988 34 54'),('Mcguire','Sawyer','quam, elementum','est.ac@vitaealiquetnec.edu','072 244 57 86'),('Hamilton','Herman','etoumagnis','eu.ultrices.sit@euduiCum.com','073 788 14 81'),('Schroeder','Aubrey','amet, dapibus','Nullam.lobortis.quam@neque.org','072 922 77 47'),('Pennington','Denise','est mauris,','Vestibulum.accumsan@idsapienCras.com','073 638 85 14'),('Ashley','Connor','felis','consectetuer.adipiscing.elit@eratvolutpat.ca','078 627 99 62'),('Sweet','Denise','utrique','pharetra.felis.eget@egetmagna.net','076 945 54 22'),('Lang','Driscoll','Ut tincidunt','quis.pede@FuscemollisDuis.net','075 166 97 33');
INSERT INTO customers([lastname],[firstname],[nickname],[mail],[phoneNumber]) VALUES('Preston','Hunter','Curae;','porttitor.scelerisque.neque@velitPellentesque.net','075 647 59 59'),('Hoffman','Cathleen','leo','id.libero@lobortismauris.ca','076 287 91 16'),('Mclaughlin','William','nec, malesuada','sapien@mi.org','077 654 73 78'),('Phillips','Hakeem','acoust','tellus.justo@elit.org','074 771 58 82'),('Glenn','Tad','eurejoule','Donec.vitae.erat@sodalesat.edu','076 396 78 92'),('Lyons','Iona','cursus.','Proin.nisl.sem@tempordiam.co.uk','078 248 92 63'),('Dudley','Jamalia','Suspendisse commodo','tempor.arcu.Vestibulum@aliquetmagnaa.ca','076 781 54 51'),('Jenkins','Germane','elit,','neque.Nullam@feugiat.org','078 327 74 89'),('Rhodes','Elton','ornare tortor','dapibus.gravida@nonvestibulum.co.uk','073 347 45 53'),('Odom','Heather','et, rutrum','ornare.elit@interdumenimnon.net','076 719 28 87');
INSERT INTO customers([lastname],[firstname],[nickname],[mail],[phoneNumber]) VALUES('Reed','Kadeem','semperoni','non.leo@ipsumacmi.co.uk','072 627 28 55'),('Haynes','Xander','felis, adipiscinuug','placerat.velit.Quisque@vitaesodalesat.ca','071 782 48 38'),('Kemp','Shelley','egetvenenatis','condimentum@Morbi.ca','078 567 25 71'),('William','Graiden','tristique','consequat@maurisrhoncusid.edu','071 228 31 78'),('Garrison','Bree','risussusu','placerat.Cras@Craseu.edu','074 529 24 46'),('Calhoun','Mariko','Duisac','eleifend@atrisusNunc.edu','079 246 99 53'),('Bass','Angelica','elefend','dolor.Quisque@Aenean.co.uk','076 839 54 48'),('Mayer','Margaret','molli','nisi.Mauris.nulla@quamCurabiturvel.com','079 664 16 52'),('Landry','Nayda','Proin','nec.leo.Morbi@ascelerisquesed.edu','074 182 43 42'),('Dennis','Orli','scelerisquene','mollis@aaliquetvel.co.uk','072 232 42 38');
INSERT INTO customers([lastname],[firstname],[nickname],[mail],[phoneNumber]) VALUES('Campbell','Luke','faucibus. Morbi','Mauris@ProinmiAliquam.edu','075 348 86 62'),('Prince','Odette','orci. Ut','massa.Integer@inmolestietortor.org','075 123 37 68'),('Rosario','Urielle','semper auctor.','orci.sem.eget@adipiscing.edu','074 228 43 11'),('Aguilar','Edward','pede.','ornare.libero.at@mipede.org','077 365 16 86'),('Sears','Cain','faucibus','ut.cursus.luctus@nascetur.co.uk','078 448 45 12'),('Snyder','Solomon','vulputatenorse','natoque.penatibus@Proinnon.ca','078 446 38 98'),('Hoffman','Prescott','duiggg','ultrices.posuere.cubilia@eratneque.edu','073 769 53 96'),('Burns','Veda','lobortistellus','sapien@molestiepharetra.com','079 124 31 62'),('Mccray','Brianna','Sednec','nostra@leo.co.uk','073 585 46 41'),('Newton','William','morbitristique','a.mi@facilisisloremtristique.net','075 627 56 25');
INSERT INTO customers([lastname],[firstname],[nickname],[mail],[phoneNumber]) VALUES('Ryan','Raja','aliquetuu','lacus.Ut@Praesenteu.com','076 455 23 26'),('West','Zephr','imperdieterat','massa@amet.ca','078 419 64 41'),('Ashley','Jocelyn','turpious','in.molestie@convallisincursus.ca','072 537 26 51'),('Delacruz','Imelda','Etiam ligula','nunc.interdum@tellus.com','079 334 36 98'),('Hughes','Sybil','non justo.','a@non.net','072 968 54 26'),('Hyde','Phillip','euplacerat','sagittis@orci.edu','076 133 58 31'),('Roy','Zahir','tempor lorem,','mattis.ornare@dapibus.net','076 337 56 49'),('Hansen','Zenia','egestasSed','dictum.Proin.eget@Donecporttitortellus.org','075 798 38 56'),('Rosa','Aurora','adipisligula.','a@est.ca','072 744 36 56'),('Gonzales','Isabelle','augue','ante.dictum@temporbibendumDonec.org','075 116 23 93');
INSERT INTO customers([lastname],[firstname],[nickname],[mail],[phoneNumber]) VALUES('Best','Derek','dictum sapien.','erat@sedlibero.com','075 545 61 81'),('Raymond','Naomi','Quisque libero','nisi@nuncestmollis.org','073 632 53 77'),('Gallagher','Emery','nonummy.','placerat.eget@quisurna.org','078 654 55 64'),('Slater','Abdul','euismod est','ultricies@dolorsitamet.edu','075 143 84 95'),('Gibbs','Zenia','Etiam bibendum','lobortis.augue.scelerisque@quam.edu','072 841 42 45'),('York','Briar','molleson','sit@elementumat.co.uk','075 131 52 13'),('York','Claudia','Mauris blandit','mi.fringilla.mi@nonmagnaNam.org','074 146 96 45'),('Young','Mira','molestie tortor','eu.nulla.at@Proineget.edu','076 593 56 87'),('Douglas','Honorato','non, hendrerit','euismod.in.dolor@ridiculusmus.org','071 673 63 83'),('Guzman','Randall','Morbi quis','Proin@ipsumleoelementum.ca','079 729 48 39');
INSERT INTO customers([lastname],[firstname],[nickname],[mail],[phoneNumber]) VALUES('Kim','Drew','justo.','ornare.egestas@nequeNullamut.net','074 825 62 57'),('Carrillo','Cain','Proin ultrices.','vel@ametfaucibus.com','078 529 47 94'),('Savage','Zephania','lorem,','hendrerit.Donec.porttitor@dolor.net','077 367 45 65'),('Webb','Ciaran','a mi','mauris.Suspendisse.aliquet@faucibusleo.co.uk','076 725 15 71'),('Dawson','Ali','ligulaeu','non.luctus.sit@accumsan.com','073 173 91 63'),('Cantrell','Eric','parturient','imperdiet@utipsumac.net','074 962 73 17'),('Fleming','Rhiannon','ante, iaculis','dui.augue.eu@luctus.ca','071 377 35 29'),('Sears','Sage','nibhsit','enim@est.com','076 644 35 99'),('Rodriguez','James','Integer sem','turpis.Aliquam@ac.co.uk','076 768 54 86'),('Harris','Xaviera','a, enim.','nec@mi.com','071 193 71 82');
INSERT INTO customers([lastname],[firstname],[nickname],[mail],[phoneNumber]) VALUES('Hill','Carly','mollis nec,','lorem@eu.net','072 634 76 41'),('Roach','Cheryl','auctor quis,','interdum.Curabitur@nec.net','075 621 61 75'),('Beach','Thane','nibhrouche','a@pulvinar.com','076 865 17 93'),('Horne','Joan','id,','ante.Vivamus.non@Morbiquis.edu','075 416 82 25'),('Golden','Emery','Vestibulum','Ut.tincidunt.orci@Nuncullamcorper.org','074 922 53 78'),('Hughes','Edan','sodales. Mauris','consectetuer.adipiscing.elit@sociisnatoquepenatibus.org','078 739 31 74'),('Shaw','Kitra','tempor augue','mi@Nunc.org','073 669 57 37'),('Lynn','Colin','seddirzgs','odio.vel.est@Curabiturvellectus.co.uk','079 824 95 45'),('Evans','Zahir','tellus sem','eleifend.non.dapibus@mollis.edu','072 192 48 69'),('Anderson','Tad','elit erat','in.faucibus.orci@ut.edu','072 221 65 23');
INSERT INTO customers([lastname],[firstname],[nickname],[mail],[phoneNumber]) VALUES('Wiley','Dalton','socnatoque','neque.venenatis@ipsum.net','076 131 15 94'),('Foley','Odette','utlacus','cubilia.Curae.Donec@elitpretiumet.co.uk','074 957 15 94'),('Freeman','Natalie','facili','scelerisque@ridiculus.org','074 355 17 86'),('Duffy','Liberty','molestSed','diam.vel.arcu@Cum.edu','079 177 82 31'),('Walters','Seth','Duisyno','ultricies@cursusIntegermollis.net','073 312 59 91'),('Cameron','Brendan','auctorodio','Nam@laciniaorciconsectetuer.net','075 577 29 18'),('Bryan','Xanthus','Nem','Aenean.eget@sedlibero.com','076 469 66 53'),('Daniel','Arthur','ullamcorpe','eleifend.non.dapibus@nisidictumaugue.net','078 218 37 66'),('Shaffer','Lani','euvouch','volutpat.nunc@metus.edu','077 216 93 88'),('Hines','Idola','nonjustomer','sodales.nisi@Utnecurna.co.uk','077 993 28 56');
INSERT INTO customers([lastname],[firstname],[nickname],[mail],[phoneNumber]) VALUES('Battle','Blair','cursusvestibulum.','Sed.eget.lacus@Duis.edu','073 298 44 35'),('Jacobson','Cyrus','nascetur','malesuada.Integer@Vestibulum.net','074 191 76 39'),('Harrison','Macaulay','scelerisquelorem','non@Aliquamtincidunt.edu','072 633 21 51'),('Howe','Nigel','sapien','lacus.Aliquam.rutrum@tinciduntpedeac.net','073 157 45 86'),('Gates','Rahim','aliquet.','pede.Praesent@lacuspedesagittis.edu','072 657 75 71'),('Harrington','Bradley','tellus. Phasellus','non@Proin.ca','079 919 85 15'),('Cortez','Wayne','Curae','Duis.elementum@aneque.org','071 585 52 84'),('Cox','Garth','vehiculaPellentesque','magna.Praesent@porttitortellusnon.org','078 268 32 86'),('Warren','Gray','ultricies','Aliquam.erat@mattis.com','074 311 61 74'),('Sharpe','Jerry','abrwsd','sed@Pellentesque.co.uk','075 431 16 63');
INSERT INTO customers([lastname],[firstname],[nickname],[mail],[phoneNumber]) VALUES('Bates','Abigail','eujddjttr','eleifend.nec@viverraMaecenasiaculis.edu','074 134 88 65'),('Bradford','Abdul','aliquertino','tellus.eu@temporloremeget.co.uk','071 629 25 11'),('Herman','Bree','erat','ornare@semNullainterdum.ca','075 341 42 88'),('Ratliff','Kasper','Sedromu','nec@lorem.ca','073 734 48 45'),('Britt','Gabriel','nonmagma','ipsum.Suspendisse@tristiquesenectuset.net','073 669 63 75'),('Barber','Zelenia','tempusoui','a.sollicitudin.orci@justoeu.org','073 986 98 26'),('Conrad','MacKenzie','arcumer','malesuada.vel.convallis@mollisdui.co.uk','072 233 48 96'),('Dale','Doris','mectenul','semper.rutrum.Fusce@quis.com','076 747 13 11'),('Ford','Nero','faucibusifiz','odio@semperetlacinia.net','077 682 34 87'),('Bridges','Colton','aptenttaciti','ante.ipsum@Quisque.ca','076 288 15 98');
INSERT INTO customers([lastname],[firstname],[nickname],[mail],[phoneNumber]) VALUES('Cummings','Benjamin','feugiat nec,','mauris@tinciduntorci.edu','077 135 45 82'),('Nielsen','Alfreda','Aliquam fringilla','eget.odio.Aliquam@euplacerat.net','071 763 69 46'),('Sparks','Rogan','tincidunt tempus','fermentum@estarcuac.ca','077 811 19 24'),('Kirkland','Winter','eudolor','elementum@Nullamlobortis.co.uk','075 345 73 25'),('Stein','Victoria','euismod','Duis@tellusjusto.co.uk','072 574 83 79'),('Barry','Lester','Nulla','dolor.quam@nislsemconsequat.ca','072 145 42 63'),('Hogan','August','rhoncus. Donec','euismod@Nuncacsem.com','079 716 25 68'),('Harmon','Eric','cursus','blandit.mattis.Cras@metussitamet.co.uk','072 239 83 16'),('Houston','Haley','Duis','Mauris.magna.Duis@ipsum.ca','074 244 15 29'),('Johns','Madeson','nisi','Sed@utpellentesqueeget.com','077 372 11 28');
INSERT INTO customers([lastname],[firstname],[nickname],[mail],[phoneNumber]) VALUES('Hendricks','Clark','purus sapien,','Phasellus.in@Suspendissealiquetsem.ca','071 314 72 52'),('Buck','Baker','commodo hendrerit.','pede.Nunc@mollisInteger.ca','075 211 51 53'),('Vargas','Aimee','eumetus.','accumsan.convallis.ante@est.edu','078 648 87 67'),('Curtis','Chava','sed consequat','facilisis.lorem.tristique@euismodurna.co.uk','072 612 35 81'),('Jackson','Karina','Quisque ornare','Phasellus.dapibus@Aliquamfringillacursus.edu','073 977 53 82'),('Glenn','Ezra','ut mi.','Aliquam@Inornaresagittis.co.uk','072 456 55 16'),('Barrett','Ezekiel','Donec','et.risus.Quisque@vehicula.com','078 358 53 72'),('Mitchell','Ignatius','arcu','sed@Duiscursusdiam.edu','076 373 65 86'),('Daugherty','Debra','consequat dolor','lobortis.Class@ametornarelectus.net','074 386 52 44'),('Bullock','Tyrone','non, dapibus','fringilla.euismod@massa.ca','076 611 59 31');
INSERT INTO customers([lastname],[firstname],[nickname],[mail],[phoneNumber]) VALUES('Spears','Rudyard','dictum placerat,','volutpat.nunc.sit@pretiumneque.org','073 176 63 63'),('Glover','Cathleen','nazuoiu','eu.euismod.ac@risusvariusorci.edu','075 945 11 85'),('Mercer','Rose','nartooque','velit@Cumsociis.co.uk','077 556 66 47'),('Patrick','Lacy','facilisisvitaeop','neque.sed@purus.net','073 471 91 48'),('Bass','Harriet','augueac','aliquet@auctornonfeugiat.ca','074 749 55 98'),('Nunez','Eden','primis','pellentesque.massa.lobortis@magna.com','077 651 75 45'),('Howell','Kelly','variusultricesoui','dignissim@vitaealiquetnec.co.uk','079 925 22 59'),('Donaldson','Cedric','risusouiz','non@purusmaurisa.org','074 482 62 75'),('Albert','Phillip','rutrumurnaoui','at@bibendumDonecfelis.co.uk','076 525 57 64'),('Travis','Mason','CuraePhasellus','libero.et.tristique@odiosemper.net','079 394 57 75');
INSERT INTO customers([lastname],[firstname],[nickname],[mail],[phoneNumber]) VALUES('Roberts','Sawyer','Cras','mollis@turpisegestasFusce.com','074 125 61 53'),('Gardner','Amela','massoui','tempor.lorem@cubiliaCurae.com','071 932 13 26'),('Huber','Sarah','Suspendisse','Nunc@erosNam.co.uk','078 953 29 13'),('Paul','Lillith','Donecouisollicitudin','Sed.id@nonlorem.ca','074 699 43 18'),('Zamora','Samuel','nibhlover','primis.in.faucibus@porttitorvulputate.co.uk','076 769 57 21'),('Nelson','Xander','sagittis','In@ultrices.ca','079 553 68 11'),('Farley','Lee','soareees','pede.Cum@gravida.com','071 497 87 94'),('Patrick','Burton','Fuscouifermentum','purus.sapien.gravida@Mauriseu.edu','071 285 36 72'),('Johns','Lisandra','interdummedruit','Donec@lacus.edu','077 749 39 62'),('Carroll','Tyrone','vitae','elit.erat.vitae@Praesenteu.net','078 994 77 65');
INSERT INTO customers([lastname],[firstname],[nickname],[mail],[phoneNumber]) VALUES('York','Hiroko','accumsanouiinterdum','sed@convallisantelectus.com','076 174 32 75'),('Marshall','Calvin','Nullamouisuscipit,','at.velit@justonecante.edu','076 147 33 47'),('Macias','Salvador','ligulaoui','nisi.sem.semper@Vivamusnibh.org','072 473 23 55'),('Church','Otto','aouiauctor','mi@temporaugue.net','079 342 38 26'),('Davidson','Karina','Duisertoui','adipiscing.elit@nisi.ca','073 841 66 32'),('Crane','Lance','loremouiac','eu.nibh.vulputate@sempertellus.com','075 167 87 74'),('Mcknight','Nathaniel','lobortisouiquam','metus.eu@eu.ca','074 388 72 92'),('Martinez','Kennedy','Donecouifringilla.','rhoncus.Donec@feugiat.ca','074 832 47 18'),('Mejia','Simon','aliquetoui','sed.facilisis.vitae@malesuada.edu','075 795 86 47'),('Bailey','Odette','nisioui','non@ligulaAenean.net','079 615 34 24');
INSERT INTO customers([lastname],[firstname],[nickname],[mail],[phoneNumber]) VALUES('Cantrell','Alea','ultricies adipiscing,','ultrices.Duis.volutpat@tempor.com','074 281 68 32'),('Roach','Madeline','adipiscing','gravida@arcuVestibulum.net','074 379 66 99'),('Chambers','Kelly','amet','est@Quisquepurussapien.net','071 623 13 28'),('Chase','Sawyer','faucibusoui','In.tincidunt@semegestasblandit.ca','074 814 35 65'),('Walter','Lewis','montesouinascetur','condimentum@enim.ca','075 152 86 61'),('Cannon','Merrill','metue','Donec@bibendumsedest.com','079 796 84 96'),('Cline','Amber','senectusouiet','enim.Sed@vehiculaPellentesquetincidunt.com','075 653 94 44'),('Raymond','Plato','eleifendoui','arcu.Sed.et@vel.net','076 275 37 88'),('Reed','Murphy','necfthfmalesuada','enim.consequat.purus@semper.edu','072 477 72 44'),('Orr','Justine','malesuadawertfringilla','eu.eleifend@velturpis.net','076 261 19 25');

--Insertion of 50 data in the table accessories
INSERT INTO accessories([type],[price],[name]) VALUES('Promethazine HCl','110.1','Donec Associates'),('Digoxin','324.1','Nulla Consulting'),('Amitriptyline HCl','590.5','Mus Incorporated'),('Hydrocodone/APAP','92.5','Dapibus Company'),('Zolpidem Tartrate','291.4','Ultrices Vivamus Company'),('Lyrica','781.7','Rutrum Lorem Ac Company'),('Lisinopril','437.8','Nam PC'),('Lorazepam','268.4','Eleifend Consulting'),('Niaspan','803.4','Nulla Dignissim Maecenas Industries'),('Alprazolam','435.0','Sapien Cursus Ltd');
INSERT INTO accessories([type],[price],[name]) VALUES('Amlodipine Besylate','885.1','In Foundation'),('Amlodipine Besylate','559.1','Velit LLC'),('Penicillin VK','332.6','Diam Luctus LLC'),('LevothyroxineSodium','130.5','Mollis Lectus Pede Ltd'),('Promethazine HCl','188.4','Diam At Pretium Consulting'),('Naproxen','193.2','Mauris Morbi Non PC'),('Promethazine HCl','835.0','Ornare Egestas Consulting'),('Proair HFA','270.9','Interdum Nunc Corp.'),('Vytorin','390.6','Vel Arcu Eu Inc.'),('Potassium Chloride','435.2','Iaculis Aliquet Foundation');
INSERT INTO accessories([type],[price],[name]) VALUES('Fluticasone Propionate','198.7','Quis Pede Suspendisse Industries'),('Enalapril Maleate','875.8','Neque Associates'),('Metformin HCl','215.1','Mauris Suspendisse Aliquet LLP'),('Niaspan','779.5','Luctus PC'),('TriNessa','395.9','Vulputate Velit Industries'),('Lantus','105.1','Sociosqu Foundation'),('Sulfamethoxazole/Trimethoprim','414.9','Volutpat Inc.'),('Niaspan','395.2','Non Lorem Limited'),('Ciprofloxacin HCl','962.1','Id Sapien Associates'),('Vyvanse','742.2','Cursus Integer Mollis Associates');
INSERT INTO accessories([type],[price],[name]) VALUES('Potassium Chloride','509.5','Vestibulum Limited'),('Gabapentin','333.9','Eget Metus Incorporated'),('Oxycontin','912.7','Neque Sed Industries'),('Diovan HCT','283.0','Penatibus PC'),('Loestrin 24 Fe','22.1','Elementum At Corporation'),('Lyrica','814.2','Torquent Per LLP'),('Amoxicillin','138.3','Eget Corporation'),('Simvastatin','494.9','Cursus A Inc.'),('Losartan Potassium','837.1','Adipiscing Lobortis Limited'),('Lyrica','686.7','Risus Industries');
INSERT INTO accessories([type],[price],[name]) VALUES('Niaspan','150.5','Natoque Limited'),('Digoxin','337.0','Nec Cursus Company'),('Amoxicillin','107.0','Semper Tellus Company'),('Citalopram HBR','398.5','Fringilla Porttitor Vulputate Corporation'),('Sulfamethoxazole/Trimethoprim','309.7','Vel Inc.'),('Amoxicillin','664.2','Sem Magna Nec LLP'),('Lorazepam','594.4','Phasellus Dolor LLC'),('Actos','546.2','Fusce Aliquam Limited'),('Furosemide','442.5','Urna LLP'),('Metoprolol Succinatee','991.7','Senectus Et Inc.');

--Insertion of 150 data in the table developments
INSERT INTO developments([cost],[startDevelopment],[endDevelopment]) VALUES(8635338,'07.24.2014','08.22.2018'),(3987483,'04.09.2010','01.14.2016'),(289554,'02.26.2011','04.18.2018'),(2781137,'01.04.2014','07.20.2019'),(8298745,'01.04.2012','05.28.2017'),(1819575,'01.25.2014','04.03.2015'),(8665035,'10.20.2011','02.21.2015'),(2576647,'11.06.2011','07.29.2016'),(6513954,'03.31.2011','06.14.2016'),(6700361,'02.13.2011','10.05.2019');
INSERT INTO developments([cost],[startDevelopment],[endDevelopment]) VALUES(7139844,'04.17.2012','04.30.2017'),(329318,'01.24.2014','04.09.2017'),(6778783,'11.05.2014','07.14.2015'),(4020558,'08.27.2014','09.19.2019'),(5938727,'01.23.2012','03.01.2017'),(5537569,'08.05.2013','08.03.2018'),(7194286,'06.01.2014','12.22.2017'),(7172494,'01.24.2014','05.10.2016'),(8739290,'09.13.2013','06.13.2015'),(3857778,'06.09.2012','08.20.2018');
INSERT INTO developments([cost],[startDevelopment],[endDevelopment]) VALUES(581916,'05.19.2013','01.14.2017'),(9422206,'01.21.2012','02.01.2017'),(1167504,'04.30.2011','07.29.2019'),(2449131,'08.09.2012','06.22.2017'),(7331214,'03.31.2012','04.18.2016'),(5119019,'03.24.2013','03.27.2017'),(7119826,'01.09.2011','12.04.2015'),(595692,'04.15.2010','07.12.2018'),(9547624,'03.12.2014','10.16.2018'),(3002488,'12.13.2013','02.21.2019');
INSERT INTO developments([cost],[startDevelopment],[endDevelopment]) VALUES(7343849,'03.21.2010','06.27.2018'),(3742786,'01.09.2014','05.01.2015'),(2126078,'08.09.2014','12.20.2017'),(1278056,'12.12.2011','07.02.2017'),(1518563,'02.02.2011','03.23.2015'),(9345076,'03.23.2010','01.18.2019'),(2964180,'05.14.2012','10.29.2017'),(6782898,'05.04.2010','11.01.2019'),(3603045,'03.01.2013','11.22.2016'),(3612496,'02.27.2012','08.13.2017');
INSERT INTO developments([cost],[startDevelopment],[endDevelopment]) VALUES(2533993,'01.02.2014','09.16.2015'),(8095445,'05.01.2010','08.21.2019'),(4175391,'03.20.2014','10.14.2015'),(2363849,'01.10.2012','02.27.2019'),(2707580,'03.20.2011','09.04.2019'),(3307696,'11.16.2011','01.24.2017'),(3046822,'08.18.2012','02.19.2018'),(6495056,'03.04.2011','11.07.2015'),(4613773,'08.08.2010','08.21.2017'),(6944711,'09.29.2010','06.30.2017');
INSERT INTO developments([cost],[startDevelopment],[endDevelopment]) VALUES(2878121,'08.28.2010','12.02.2016'),(8293088,'04.23.2012','02.28.2016'),(1584682,'05.13.2011','08.24.2016'),(7347939,'01.17.2014','06.18.2017'),(1398227,'07.24.2014','10.17.2015'),(9786384,'01.08.2011','04.12.2017'),(2930581,'06.10.2011','12.04.2017'),(5303050,'03.01.2010','10.03.2019'),(3589974,'11.25.2010','07.17.2018'),(1268063,'03.16.2013','07.01.2019');
INSERT INTO developments([cost],[startDevelopment],[endDevelopment]) VALUES(9944995,'04.07.2011','11.26.2016'),(8247725,'01.25.2011','08.30.2015'),(8385325,'10.18.2014','12.02.2019'),(5079154,'12.08.2013','01.15.2016'),(1278078,'12.03.2011','01.05.2018'),(5099537,'06.19.2010','05.24.2015'),(8920188,'08.17.2014','12.11.2019'),(7850419,'09.07.2013','03.16.2018'),(540099,'06.25.2012','11.30.2016'),(1683682,'10.18.2011','12.10.2019');
INSERT INTO developments([cost],[startDevelopment],[endDevelopment]) VALUES(8398523,'01.20.2012','09.27.2019'),(4538939,'05.03.2011','07.18.2019'),(7677533,'04.27.2010','10.02.2019'),(4165089,'12.20.2010','09.12.2015'),(417432,'04.18.2014','05.29.2017'),(7721227,'03.07.2012','07.14.2016'),(1980093,'07.04.2011','05.21.2019'),(383011,'11.21.2012','09.24.2017'),(7254394,'06.08.2010','06.16.2017'),(2817416,'05.13.2011','12.25.2018');
INSERT INTO developments([cost],[startDevelopment],[endDevelopment]) VALUES(2027204,'10.29.2012','04.08.2018'),(8374829,'05.16.2014','11.20.2018'),(7566346,'03.11.2012','09.09.2015'),(2726039,'10.08.2012','06.03.2018'),(3389727,'11.18.2014','06.16.2017'),(8786187,'11.01.2011','04.02.2019'),(425241,'11.22.2012','12.20.2017'),(8509362,'01.25.2011','10.29.2017'),(2285639,'08.02.2014','02.20.2019'),(802718,'09.25.2011','04.18.2019');
INSERT INTO developments([cost],[startDevelopment],[endDevelopment]) VALUES(7704149,'08.20.2011','03.08.2016'),(7166675,'09.13.2014','03.03.2019'),(8771239,'10.06.2014','06.26.2019'),(598117,'03.05.2012','07.20.2016'),(7305447,'02.10.2011','07.28.2017'),(5295764,'07.12.2010','04.25.2015'),(2495946,'09.29.2011','12.10.2019'),(4537866,'10.13.2011','07.31.2015'),(5472238,'12.20.2014','05.06.2018'),(3888332,'06.28.2013','07.31.2016');
INSERT INTO developments([cost],[startDevelopment],[endDevelopment]) VALUES(6074749,'12.26.2008','07.19.2014'),(7079942,'08.30.2018','11.11.2019'),(3200714,'12.23.2007','03.31.2015'),(3158678,'05.01.2018','02.18.2014'),(1405337,'03.30.2009','11.05.2018'),(1258920,'09.15.2017','08.20.2013'),(7130554,'12.22.2013','10.09.2018'),(8330687,'05.21.2018','11.22.2016'),(2207210,'04.01.2007','01.05.2021'),(4233299,'04.09.2016','06.12.2019');
INSERT INTO developments([cost],[startDevelopment],[endDevelopment]) VALUES(9390101,'04.17.2009','02.12.2013'),(5486301,'04.27.2012','11.13.2020'),(6572599,'07.07.2006','08.26.2019'),(7234459,'10.18.2018','08.27.2020'),(1142051,'05.17.2008','03.11.2018'),(2665185,'07.02.2012','04.22.2018'),(4720557,'05.22.2016','12.10.2013'),(5728719,'01.08.2019','02.07.2018'),(8397708,'04.11.2007','12.31.2019'),(623906,'04.19.2007','09.16.2016');
INSERT INTO developments([cost],[startDevelopment],[endDevelopment]) VALUES(5758087,'06.08.2011','02.07.2017'),(8785845,'06.16.2017','03.17.2019'),(573221,'11.18.2010','08.13.2015'),(9205585,'08.24.2014','01.14.2013'),(5894111,'02.12.2011','01.21.2019'),(6602914,'02.23.2017','10.22.2016'),(536503,'08.05.2010','10.03.2020'),(9653540,'12.12.2017','02.10.2020'),(4528058,'02.06.2007','12.17.2018'),(6272395,'03.17.2007','01.19.2021');
INSERT INTO developments([cost],[startDevelopment],[endDevelopment]) VALUES(8924990,'04.23.2008','02.17.2017'),(3087406,'09.24.2014','10.10.2014'),(7669797,'03.27.2006','05.11.2019'),(2511669,'04.25.2018','12.15.2017'),(8166960,'01.22.2007','07.04.2015'),(6157689,'10.04.2007','09.28.2016'),(5092761,'11.29.2008','01.21.2014'),(5974048,'10.31.2015','09.19.2015'),(4951057,'08.19.2017','04.29.2017'),(9705964,'05.06.2018','09.27.2019');
INSERT INTO developments([cost],[startDevelopment],[endDevelopment]) VALUES(6315514,'11.22.2010','10.26.2018'),(7671400,'11.18.2013','11.04.2015'),(3848448,'07.03.2018','06.24.2014'),(9550236,'10.19.2010','12.02.2018'),(2747775,'01.21.2017','05.31.2018'),(6410665,'01.02.2014','01.15.2017'),(8173175,'09.23.2018','03.01.2015'),(9161247,'03.31.2007','09.17.2014'),(4684311,'04.01.2007','04.09.2019'),(4137342,'07.21.2013','02.23.2014');

--Insertion of 28 data in the table platforms
INSERT INTO platforms([name],[type]) VALUES('Apple','ultrices'),('Cakewalk','dapibus'),('Astalavista','eu'),('Borland','Pellentesque'),('Chamino','mollis.'),('Sibelius','Donec'),('Macromedia','orci.'),('Google','eu,'),('Chami','commodo'),('Altavista','dui.');
INSERT INTO platforms([name],[type]) VALUES('Borderland','rutrum'),('Systems','enim'),('Decibel','sagittis'),('Apple Systems','nec'),('Yehoo','Cras'),('Wahoo','ut'),('Micromania','enim'),('Adobe','velit.'),('Sibeline','Morbi'),('Yahoo','lacinia');
INSERT INTO platforms([name],[type]) VALUES('Finale','diam.'),('Lava','vitae'),('Lavasoft','nonummy'),('Final','tristique'),('Finino','mattis'),('Yahee','lectus'),('Lavasoftware','Duis'),('Borlands','vulputate');

--Insertion of 2 data in the table types_providers
INSERT INTO types_providers([name]) VALUES('Développeur'),('Éditeur');

--Insertion of 20 data in the table reductions
INSERT INTO reductions([name],[pourcentage],[deadline],[customers_id]) VALUES('lorem ut',5,'Apr 14, 2022',1),('a',7,'Dec 15, 2021',2),('tristique aliquet. Phasellus',1,'Oct 14, 2022',3),('non quam. Pellentesque',12,'Jul 29, 2020',4),('aliquam, enim',48,'Jan 24, 2021',5),('gravida.',41,'Aug 14, 2019',6),('ut, molestie',45,'Jun 08, 2020',7),('massa rutrum magna.',12,'May 11, 2020',8),('Donec luctus',39,'Jul 02, 2021',9),('cursus a, enim.',54,'Aug 08, 2020',10);
INSERT INTO reductions([name],[pourcentage],[deadline],[customers_id]) VALUES('id, erat.',44,'Jan 19, 2021',11),('viverra.',31,'Mar 11, 2022',12),('ultrices. Vivamus',54,'Dec 27, 2021',13),('volutpat',63,'Dec 27, 2022',14),('amet massa. Quisque',26,'Aug 21, 2020',15),('a,',40,'Nov 12, 2022',16),('fringilla.',62,'Jun 05, 2021',17),('dui lectus rutrum',66,'May 29, 2020',18),('Quisque fringilla euismod',45,'Jan 27, 2020',19),('massa. Quisque porttitor',17,'Sep 02, 2022',20);

--Insertion of 100 data in the table orders
INSERT INTO orders([number],[description],[address],[customers_id]) VALUES(9814325,'tincidunt aliquam arcu. Aliquam ultrices iaculis odio. Nam interdum','124-4780 Elit, Street',1),(1682682,'vulputate, nisi sem semper erat, in consectetuer ipsum nunc','8432 In Rd.',2),(1247534,'tempus scelerisque, lorem ipsum sodales','Ap #126-4282 Facilisis. St.',3),(3801247,'eu tellus. Phasellus elit pede, malesuada vel, venenatis vel,','P.O. Box 933, 1716 Interdum Rd.',4),(1899919,'mus. Proin vel arcu eu odio tristique pharetra. Quisque ac','625-4673 Augue Ave',5),(2522413,'in faucibus orci','P.O. Box 284, 4354 Molestie Street',6),(3697624,'luctus lobortis. Class aptent taciti sociosqu','656-4936 Molestie Rd.',7),(2734195,'enim. Sed nulla ante, iaculis nec, eleifend non, dapibus rutrum,','Ap #738-8908 Sagittis. Avenue',8),(9935607,'feugiat nec, diam. Duis mi enim, condimentum','698-2070 Sollicitudin St.',9),(5280293,'est arcu ac orci. Ut semper pretium','Ap #528-6030 Suspendisse Avenue',10);
INSERT INTO orders([number],[description],[address],[customers_id]) VALUES(4568810,'rhoncus id, mollis nec, cursus a, enim.','Ap #379-3700 Dictum Av.',11),(8220106,'nisi magna sed dui.','299-886 Nisl Rd.',12),(9480868,'tincidunt aliquam arcu. Aliquam ultrices iaculis odio. Nam interdum enim','Ap #245-5534 Phasellus Rd.',13),(6168613,'nec, malesuada ut, sem.','Ap #171-4997 Metus St.',14),(9021449,'at,','Ap #346-6808 Lobortis St.',15),(7295412,'Proin sed turpis nec mauris blandit mattis. Cras eget','P.O. Box 390, 1372 Odio. Rd.',16),(9147903,'mauris. Integer sem elit, pharetra ut, pharetra','6008 Fusce Ave',17),(1210724,'et magnis dis parturient montes, nascetur ridiculus','354-8236 Adipiscing Av.',18),(2605076,'in lobortis tellus justo sit amet nulla.','P.O. Box 669, 4091 Sapien. Ave',19),(2343955,'elit elit fermentum','Ap #193-7194 Mus. St.',20);
INSERT INTO orders([number],[description],[address],[customers_id]) VALUES(2203585,'Nunc quis arcu vel quam dignissim pharetra.','370-9377 Sit Ave',21),(7825961,'Nullam scelerisque neque sed sem egestas blandit. Nam nulla','354-9789 Libero Avenue',22),(6126472,'non,','P.O. Box 580, 4387 Velit St.',23),(2301287,'interdum ligula eu enim. Etiam imperdiet dictum magna. Ut','P.O. Box 103, 8106 Montes, Street',24),(8162570,'sed pede nec','P.O. Box 713, 8429 Libero Ave',25),(1099463,'egestas a,','P.O. Box 753, 6868 Lorem Avenue',26),(3631877,'interdum ligula eu enim. Etiam imperdiet','Ap #846-2405 Ipsum. Rd.',27),(4963892,'congue turpis. In condimentum. Donec at arcu. Vestibulum','902-5080 Faucibus Street',28),(7026075,'placerat, orci lacus vestibulum','995-937 Mi Rd.',29),(9888552,'dictum mi, ac mattis velit','828-433 Amet, Avenue',30);
INSERT INTO orders([number],[description],[address],[customers_id]) VALUES(2655975,'nec urna et arcu imperdiet ullamcorper. Duis at','605-8375 Molestie Rd.',31),(1167576,'euismod urna. Nullam lobortis quam a felis','Ap #937-3504 Leo. St.',32),(7007426,'malesuada','Ap #957-3627 Laoreet Rd.',33),(2854804,'tincidunt, nunc ac','Ap #607-7856 Risus. Avenue',34),(7794305,'pede. Cum sociis natoque penatibus et','754-3636 Curabitur Rd.',35),(2255990,'a, scelerisque sed, sapien.','P.O. Box 284, 6320 Nisi. Av.',36),(9248243,'Donec tempus, lorem fringilla ornare placerat, orci lacus vestibulum lorem,','P.O. Box 387, 892 Augue Rd.',37),(1910535,'sit','Ap #450-2024 Quisque St.',38),(1039951,'ipsum non arcu. Vivamus sit amet risus. Donec egestas. Aliquam','P.O. Box 867, 1962 Mauris Avenue',39),(1108278,'sapien. Cras dolor dolor, tempus','4976 Eget Road',40);
INSERT INTO orders([number],[description],[address],[customers_id]) VALUES(4647730,'Cras vulputate velit eu sem.','P.O. Box 651, 2891 Dui. St.',41),(8764033,'ridiculus mus. Donec dignissim magna a tortor. Nunc','7963 Orci. St.',42),(8376166,'ipsum non arcu. Vivamus sit','9593 Diam. Ave',43),(2369743,'Nulla semper tellus id nunc interdum feugiat. Sed','P.O. Box 229, 7103 Placerat, Avenue',44),(1004643,'Sed et','2601 A, St.',45),(5583267,'sit amet, faucibus ut, nulla. Cras','6357 Nunc St.',46),(1061490,'Duis volutpat nunc sit amet','P.O. Box 245, 2513 At Ave',47),(3119489,'lectus. Nullam suscipit, est','221-4899 Varius. Avenue',48),(7532796,'urna et arcu imperdiet ullamcorper. Duis at','109-3743 Ultrices. Street',49),(1524618,'libero. Proin mi.','P.O. Box 424, 8311 Vitae, Avenue',50);
INSERT INTO orders([number],[description],[address],[customers_id]) VALUES(1782540,'dapibus gravida. Aliquam tincidunt, nunc ac mattis','6875 Scelerisque St.',51),(5000660,'ut nisi a odio','363 Diam St.',52),(4490840,'venenatis','4474 Imperdiet Av.',53),(1414560,'scelerisque, lorem ipsum sodales purus, in molestie tortor nibh','P.O. Box 594, 2790 Nec, Ave',54),(8037027,'sem molestie sodales. Mauris','6708 Aliquet. St.',55),(1660408,'lacus. Mauris non','7876 Phasellus Av.',56),(4654843,'Cras vehicula aliquet','5042 Sem Rd.',57),(3634206,'sem ut cursus luctus, ipsum leo elementum sem, vitae aliquam','9019 Sed St.',58),(3382370,'ligula. Nullam enim. Sed nulla','3073 Nibh Road',59),(8747204,'aliquet libero. Integer in magna.','Ap #641-9002 Ac Road',60);
INSERT INTO orders([number],[description],[address],[customers_id]) VALUES(6081401,'Cras vehicula aliquet libero. Integer in magna. Phasellus','P.O. Box 707, 8895 Sagittis. Rd.',61),(6733705,'Morbi neque tellus, imperdiet non, vestibulum nec,','P.O. Box 311, 9028 Lacus. Street',62),(9763914,'adipiscing elit. Etiam laoreet,','4644 Luctus Street',63),(1982221,'penatibus et','P.O. Box 936, 7588 Ut St.',64),(7279471,'auctor quis, tristique ac, eleifend','925-5297 Luctus St.',65),(5846559,'libero mauris, aliquam eu, accumsan sed, facilisis vitae, orci. Phasellus','637-2789 Molestie Street',66),(8191673,'sagittis. Duis gravida. Praesent eu nulla at sem','1284 Suspendisse Road',67),(6472728,'velit in aliquet lobortis, nisi nibh lacinia orci, consectetuer','Ap #303-7271 Magna. Ave',68),(2909269,'purus gravida sagittis.','P.O. Box 738, 2392 In Av.',69),(2529441,'blandit viverra. Donec tempus, lorem fringilla ornare','P.O. Box 979, 8927 At Street',70);
INSERT INTO orders([number],[description],[address],[customers_id]) VALUES(8573847,'in felis. Nulla tempor augue ac ipsum. Phasellus vitae','P.O. Box 502, 3149 Placerat, Av.',71),(9194884,'Quisque imperdiet, erat nonummy','298-1593 Risus, Rd.',72),(4057122,'pretium aliquet, metus urna convallis erat, eget','3318 Pede, Rd.',73),(9057924,'velit. Pellentesque','7144 Duis Road',74),(1044317,'Pellentesque habitant morbi tristique senectus et netus et malesuada','512-7472 Tincidunt Rd.',75),(3066387,'et malesuada fames ac turpis egestas. Aliquam fringilla cursus purus.','P.O. Box 384, 8810 Maecenas St.',76),(8041658,'elit,','2758 Vitae, St.',77),(2423195,'dui quis accumsan convallis, ante','939-2900 Lobortis. St.',78),(7470422,'Nam consequat dolor vitae dolor. Donec fringilla. Donec feugiat','Ap #477-5767 Duis Road',79),(1679498,'vel sapien imperdiet ornare. In','1026 Molestie Av.',80);
INSERT INTO orders([number],[description],[address],[customers_id]) VALUES(2125186,'Fusce aliquam,','767-3009 Ut Av.',81),(1397199,'rhoncus. Nullam velit','Ap #307-9108 Nunc Street',82),(8571155,'velit. Cras lorem lorem,','P.O. Box 218, 8634 Lorem Rd.',83),(1188124,'lobortis quam','P.O. Box 450, 3794 Est Av.',84),(1771542,'felis orci, adipiscing non, luctus sit','Ap #162-8713 Sapien Ave',85),(4610366,'ipsum. Suspendisse sagittis. Nullam','332-7685 Arcu. St.',86),(8101995,'dictum eu, eleifend nec, malesuada ut, sem. Nulla interdum.','768-9249 Lorem. Rd.',87),(7007878,'ullamcorper eu, euismod ac, fermentum vel, mauris. Integer','Ap #250-2431 Velit Rd.',88),(6559835,'luctus vulputate, nisi sem semper erat, in','Ap #383-6838 Parturient St.',89),(3418484,'purus ac tellus. Suspendisse sed','254-9663 Eget Av.',90);
INSERT INTO orders([number],[description],[address],[customers_id]) VALUES(7101835,'interdum enim','3019 Tortor St.',91),(9842661,'dolor','189-739 Fringilla Road',92),(4798510,'Curabitur consequat, lectus sit amet luctus vulputate, nisi','702-6658 Ligula. Rd.',93),(1168069,'sem ut cursus luctus, ipsum leo elementum sem, vitae','144-4330 Vivamus St.',94),(2172895,'fermentum risus, at fringilla','220-5563 Interdum Street',95),(5287219,'mauris','Ap #561-3419 Cras Rd.',96),(6997507,'Nullam velit dui, semper et, lacinia','P.O. Box 435, 800 Aliquam Av.',97),(1167649,'nunc. Quisque ornare tortor','P.O. Box 318, 6113 Ut St.',98),(1024923,'aliquet magna a neque. Nullam ut nisi a odio','305-9166 Nam Avenue',99),(1048719,'convallis dolor. Quisque tincidunt pede ac','Ap #812-2479 Lacus. Street',100);

--Insertion of 100 data in the table payments
INSERT INTO payments([type],[customers_id]) VALUES('sapien.',1),('Nullam',2),('eu,',3),('elementum,',4),('vitae,',5),('nec,',6),('elit.',7),('sed',8),('penatibus',9),('eros',10);
INSERT INTO payments([type],[customers_id]) VALUES('Duis',11),('enim',12),('auctor',13),('Fusce',14),('pede',15),('montes,',16),('erat,',17),('Pellentesque',18),('arcu.',19),('Donec',20);
INSERT INTO payments([type],[customers_id]) VALUES('urna,',21),('urna.',22),('mattis',23),('volutpat',24),('Mauris',25),('vel,',26),('libero',27),('ultricies',28),('scelerisque',29),('metus.',30);
INSERT INTO payments([type],[customers_id]) VALUES('euismod',31),('Nulla',32),('In',33),('nisi.',34),('sodales.',35),('lectus',36),('accumsan',37),('ullamcorper',38),('habitant',39),('vulputate,',40);
INSERT INTO payments([type],[customers_id]) VALUES('Morbi',41),('neque',42),('elit.',43),('dictum',44),('Maecenas',45),('fermentum',46),('dolor,',47),('Aenean',48),('feugiat',49),('ac',50);
INSERT INTO payments([type],[customers_id]) VALUES('sit',51),('at',52),('morbi',53),('eu',54),('Sed',55),('est,',56),('dapibus',57),('tortor',58),('nostra,',59),('eleifend,',60);
INSERT INTO payments([type],[customers_id]) VALUES('elit',61),('malesuada',62),('ipsum.',63),('nostra,',64),('nec',65),('laoreet',66),('lobortis',67),('augue,',68),('eget',69),('luctus',70);
INSERT INTO payments([type],[customers_id]) VALUES('arcu',71),('orci',72),('mauris.',73),('erat.',74),('elit',75),('hendrerit',76),('Vestibulum',77),('magna',78),('Maecenas',79),('felis.',80);
INSERT INTO payments([type],[customers_id]) VALUES('eget',81),('Curabitur',82),('neque',83),('tellus.',84),('urna.',85),('eros.',86),('malesuada',87),('libero.',88),('velit.',89),('nec',90);
INSERT INTO payments([type],[customers_id]) VALUES('nec',91),('nisl',92),('est',93),('tristique',94),('dictum',95),('velit',96),('porttitor',97),('Curabitur',98),('lorem',99),('porttitor',100);

--Insertion of 150 data in the table games
INSERT INTO games([name],[price],[releaseDate],[developments_id]) VALUES('mauris erat eget','42.80','Oct 9, 2019',1),('egestas hendrerit neque.','98.23','Jul 1, 2020',2),('ipsum. Phasellus','17.46','Jun 3, 2019',3),('est tempor','74.17','Jun 13, 2020',4),('sed, est. Nunc','14.26','Oct 19, 2020',5),('odio.','76.74','Jun 25, 2020',6),('magnis','36.92','Jul 17, 2020',7),('non quam.','31.11','Feb 25, 2020',8),('neque.','64.68','Sep 20, 2020',9),('enim,','19.29','Jul 11, 2019',10);
INSERT INTO games([name],[price],[releaseDate],[developments_id]) VALUES('Etiam laoreet, libero','44.45','Apr 15, 2020',11),('nec tempus scelerisque,','34.56','Sep 7, 2020',12),('ullamcorper magna. Sed','2.95','Dec 18, 2020',13),('molestie in,','5.43','Dec 13, 2020',14),('Phasellus in','93.96','Dec 19, 2020',15),('convallis','68.45','May 1, 2019',16),('in','33.40','Jul 5, 2019',17),('nec, malesuada ut,','79.07','May 10, 2019',18),('tellus sem','21.06','Mar 20, 2019',19),('magnis dis','27.68','Jan 14, 2021',20);
INSERT INTO games([name],[price],[releaseDate],[developments_id]) VALUES('Donec at','3.94','Jan 23, 2020',21),('Suspendisse eleifend. Cras','99.40','Jul 29, 2020',22),('metus vitae velit','39.54','Feb 5, 2019',23),('elit,','67.03','Dec 21, 2020',24),('amet','95.19','Jan 18, 2021',25),('sit','65.44','May 6, 2019',26),('dui. Suspendisse','3.49','Jun 26, 2019',27),('tincidunt','35.74','Jul 31, 2020',28),('Inox','91.09','Jan 12, 2020',29),('neque tellus, imperdiet','47.29','Aug 3, 2020',30);
INSERT INTO games([name],[price],[releaseDate],[developments_id]) VALUES('Mauris eu','93.44','Jul 20, 2019',31),('sociis natoque','10.71','Mar 25, 2019',32),('sit amet metus.','79.23','Jul 31, 2019',33),('nunc sit amet','95.29','Jul 10, 2019',34),('Nunc','83.15','May 5, 2019',35),('aliquet, sem ut','92.87','Sep 19, 2019',36),('faucibus id, libero.','7.52','Mar 29, 2019',37),('arcu','60.35','Dec 21, 2019',38),('ac mattis ornare,','67.77','Feb 6, 2020',39),('et, rutrum eu,','86.96','Sep 16, 2020',40);
INSERT INTO games([name],[price],[releaseDate],[developments_id]) VALUES('facilisis','81.77','Nov 26, 2019',41),('erat','29.69','Nov 22, 2020',42),('a,','12.24','Nov 5, 2020',43),('tempor','66.47','Sep 13, 2020',44),('scelerisque dui. Suspendisse','79.10','Oct 1, 2019',45),('rutrum.','51.86','Aug 5, 2020',46),('Proin','77.33','Apr 12, 2020',47),('molestie. Sed','93.19','Nov 27, 2020',48),('vulputate,','66.04','Dec 9, 2019',49),('eu elit.','22.73','Oct 26, 2019',50);
INSERT INTO games([name],[price],[releaseDate],[developments_id]) VALUES('et ultrices','2.20','Jun 4, 2020',51),('tincidunt, nunc ac','51.03','Sep 29, 2020',52),('nec,','0.25','Dec 6, 2019',53),('lacus. Quisque','33.28','Mar 21, 2020',54),('et pede. Nunc','55.00','Jan 9, 2020',55),('auctor','1.94','Feb 29, 2020',56),('sem eget massa.','97.46','Jul 30, 2020',57),('sodales. Mauris','59.74','Dec 23, 2020',58),('consectetuer','62.68','Feb 8, 2019',59),('non','94.25','May 6, 2019',60);
INSERT INTO games([name],[price],[releaseDate],[developments_id]) VALUES('lectus rutrum','91.34','Jul 26, 2020',61),('accumsan','97.01','Feb 10, 2019',62),('vitae risus.','11.63','Sep 18, 2020',63),('magna. Nam','48.83','Jul 31, 2020',64),('Aenean gravida nunc','86.77','Jun 24, 2020',65),('nuncui','76.46','Aug 13, 2019',66),('semper. Nam tempor','47.44','Jan 18, 2020',67),('Curabitur','38.43','Sep 3, 2020',68),('Cras eu tellus','82.89','Jan 27, 2020',69),('dictum eu, eleifend','20.56','Jun 13, 2020',70);
INSERT INTO games([name],[price],[releaseDate],[developments_id]) VALUES('Nullam','91.44','Nov 29, 2020',71),('iaculis nec, eleifend','14.26','Apr 27, 2019',72),('Nuncou','26.58','May 7, 2019',73),('tincidunt dui','7.13','Mar 24, 2019',74),('pretium','42.09','Feb 11, 2020',75),('risus','16.51','Sep 10, 2019',76),('Fusce mi','11.56','Sep 4, 2019',77),('nuncsit','10.30','May 12, 2020',78),('elit','0.15','Aug 22, 2020',79),('conva',' 75.80','Jan 8, 2021',80);
INSERT INTO games([name],[price],[releaseDate],[developments_id]) VALUES('vitae, aliquet nec,','30.94','Feb 24, 2019',81),('eget laoreet posuere,','91.97','Feb 26, 2019',82),('velit. Sed malesuada','75.67','Aug 8, 2020',83),('fames ac turpis','36.67','Jan 29, 2020',84),('morbi','4.11','Jul 27, 2020',85),('et, lacinia vitae,','25.07','Dec 29, 2019',86),('Class aptent taciti','83.26','Aug 31, 2020',87),('non, feugiat','66.96','Dec 1, 2020',88),('purus ac','4.25','Jan 20, 2021',89),('ac, feugiat','56.89','Jul 19, 2019',90);
INSERT INTO games([name],[price],[releaseDate],[developments_id]) VALUES('Donec elementum,','0.19','Sep 5, 2019',91),('nec ante','93.43','Jan 10, 2020',92),('arcu imperdiet ullamcorper.','7.18','Aug 1, 2020',93),('vitae mauris','38.94','Apr 21, 2019',94),('auctor ullamcorper, nisl','1.43','Nov 24, 2019',95),('in lobortis','77.50','Aug 27, 2019',96),('massa','39.02','Jun 19, 2019',97),('Fusce','37.27','Sep 23, 2019',98),('id','50.98','Jul 16, 2020',99),('libero. Integer in','64.57','Oct 30, 2020',100);
INSERT INTO games([name],[price],[releaseDate],[developments_id]) VALUES('felis purus','64.33','Jul 2, 2019',101),('neque','94.84','Apr 2, 2020',102),('felis ullamcorper','60.27','May 12, 2019',103),('libero est,','51.10','Aug 15, 2019',104),('non enim. Mauris','48.07','Sep 8, 2019',105),('nulla magna, malesuada','29.37','Aug 29, 2019',106),('Nullam nisl. Maecenas','73.12','Jul 28, 2019',107),('Pellentesque ut','6.34','Dec 22, 2019',108),('eu,','14.94','Aug 10, 2020',109),('dolor quam, elementum','85.18','May 14, 2020',110);
INSERT INTO games([name],[price],[releaseDate],[developments_id]) VALUES('ultricies','51.56','May 26, 2019',111),('scelerisque,','95.51','Nov 15, 2020',112),('luctus et','41.33','Dec 27, 2019',113),('montes, nascetur','35.50','Apr 11, 2020',114),('lacus. Nulla tincidunt,','40.01','Feb 2, 2020',115),('justo. Praesent','88.66','Mar 22, 2020',116),('Vestibulum accumsan neque','16.31','Aug 13, 2020',117),('Morbi non sapien','85.62','Oct 8, 2019',118),('dignissim. Maecenas','97.17','Nov 28, 2020',119),('dictum mi, ac','34.71','Oct 18, 2020',120);
INSERT INTO games([name],[price],[releaseDate],[developments_id]) VALUES('metus.','94.81','Nov 19, 2019',121),('diam dictum','33.62','Feb 9, 2020',122),('eu, placerat','72.60','Jun 19, 2020',123),('id sapien.','19.58','Jul 7, 2020',124),('eros. Nam','53.66','Aug 27, 2020',125),('Nuer','34.83','Apr 14, 2020',126),('Maecenas','84.45','Mar 4, 2020',127),('ornare. In','91.00','Oct 26, 2019',128),('lacusQuisque','82.96','Feb 23, 2020',129),('Fusee','89.06','Jan 5, 2021',130);
INSERT INTO games([name],[price],[releaseDate],[developments_id]) VALUES('sem semper erat,','64.21','Apr 9, 2020',131),('ultrices','88.82','Feb 2, 2019',132),('consequat purus.','64.42','Jul 17, 2019',133),('adipiscing fringilla, porttitor','4.40','Feb 1, 2019',134),('cubilia Curae;','26.67','Oct 27, 2020',135),('tempor,','28.85','Jan 13, 2021',136),('vel nisl.','26.76','Feb 9, 2019',137),('vitae, erat. Vivamus','38.81','Jun 27, 2020',138),('nec enim. Nunc','28.35','Jul 3, 2019',139),('Sed id','93.40','Oct 14, 2020',140);
INSERT INTO games([name],[price],[releaseDate],[developments_id]) VALUES('sed sem egestas','35.17','Dec 16, 2019',141),('erat, eget','50.61','Oct 22, 2019',142),('nec tellus.','71.95','Jan 5, 2021',143),('Phasellus vitae mauris','69.00','Dec 20, 2020',144),('Integer','27.93','Apr 18, 2019',145),('dolor vitae dolor.','14.50','Nov 7, 2020',146),('sem','83.37','Feb 3, 2020',147),('lorem, vehicula','9.25','Sep 14, 2019',148),('Proin mi.','52.38','Dec 10, 2019',149),('dolor, nonummy ac,','49.10','Mar 9, 2019',150);

--Insertion of 100 data in the table providers
INSERT INTO providers([name],[creationDate],[nbGames],[types_providers_id]) VALUES('egestas. Sed','Jun 8, 2009',35,1),('pellentesque.','Dec 9, 1990',58,2),('nisl. Maecenas','Oct 2, 2005',73,1),('non, vestibulum','Oct 14, 1994',8,1),('turpis','Oct 4, 1996',22,1),('fringilla ornare','Feb 8, 2004',28,2),('Suspendisse','Aug 3, 1999',4,1),('tortor nibh sit','May 14, 2001',83,1),('iaculis quis,','Jan 18, 2011',9,2),('vel arcu eu','Jan 31, 2019',20,2);
INSERT INTO providers([name],[creationDate],[nbGames],[types_providers_id]) VALUES('nascetur ridiculus mus.','Dec 27, 1990',25,2),('mi lacinia mattis.','Apr 3, 2010',91,1),('at,','Nov 1, 2011',21,2),('ante, iaculis nec,','Jan 19, 2006',75,2),('molestie tortor','May 1, 2014',85,1),('mi enim,','Nov 20, 2002',52,1),('et magnis','Nov 24, 2004',24,1),('mauris','Jul 7, 1995',41,2),('aliquam,','Jan 8, 2006',8,1),('scelerisque, lorem ipsum','Aug 29, 1998',80,2);
INSERT INTO providers([name],[creationDate],[nbGames],[types_providers_id]) VALUES('a','Mar 20, 1993',36,2),('posuere cubilia','Aug 25, 1999',13,2),('odio semper cursus.','Aug 30, 2019',42,1),('libero est, congue','Sep 21, 2019',56,1),('Fusce aliquam,','Jan 20, 2004',3,2),('sit amet','Jan 14, 2015',72,2),('Curabitur massa.','Feb 16, 2010',22,1),('blandit','Nov 13, 2019',77,1),('ac mattis','Jan 13, 2011',3,2),('egestas. Fusce aliquet','Apr 14, 2010',30,1);
INSERT INTO providers([name],[creationDate],[nbGames],[types_providers_id]) VALUES('mollis vitae,','Apr 17, 2017',43,2),('ac','Nov 7, 1997',41,1),('amea','Jan 10, 2017',35,2),('Nullam','Feb 15, 2005',85,1),('Praesent','Jun 12, 2015',48,1),('Praesent eu dui.','Apr 30, 1993',46,2),('ullamcorper','Sep 4, 2014',3,1),('per','Sep 2, 1994',13,1),('at, egestas','Jun 13, 2013',87,1),('ridiculus','Mar 25, 1994',34,1);
INSERT INTO providers([name],[creationDate],[nbGames],[types_providers_id]) VALUES('tincidunt,','Sep 8, 1997',6,1),('adipiscing,','Mar 26, 2004',94,2),('lobortis mauris. Suspendisse','Aug 29, 1996',95,1),('hendrerit a, arcu.','Feb 13, 2006',30,2),('ac risus.','Nov 18, 1996',71,2),('Phasellus','Oct 20, 2009',8,2),('magna, malesuada','Sep 7, 1997',12,1),('amet','Nov 16, 1995',59,1),('nulla. Integer','Jul 27, 2001',64,2),('consectetuer','Jul 25, 2002',58,1);
INSERT INTO providers([name],[creationDate],[nbGames],[types_providers_id]) VALUES('Proin vel arcu','Nov 7, 1997',69,1),('Mauris eu turpis.','Sep 23, 2018',69,2),('sit amet, consectetuer','Mar 21, 1990',91,1),('nec','Jul 25, 1994',80,2),('nonummy ultricies ornare,','Feb 12, 2011',54,2),('ante. Nunc','Dec 27, 2018',82,1),('Cras','Jun 23, 1993',27,1),('ornare,','Jan 15, 2017',26,2),('lorem, eget','May 28, 2018',71,2),('nulla magna,','Mar 3, 1990',70,1);
INSERT INTO providers([name],[creationDate],[nbGames],[types_providers_id]) VALUES('purus.','Sep 28, 2000',92,1),('sitamet','Dec 4, 1997',70,2),('Pellentesque','Mar 17, 2011',33,1),('pede. Cum sociis','Feb 27, 2015',19,2),('vitae dolor.','Oct 15, 2014',84,1),('semper','Apr 16, 2003',1,2),('Ut','Jun 1, 2019',20,1),('Nunc','Nov 9, 1990',29,2),('id,','Feb 25, 2005',2,2),('ligula tortor, dictum','Mar 22, 2013',26,1);
INSERT INTO providers([name],[creationDate],[nbGames],[types_providers_id]) VALUES('Nuncer','Apr 30, 2011',20,2),('pellentesque,','Feb 12, 1997',28,2),('venenatis lacus.','Jan 3, 2004',47,2),('vitae,','Nov 7, 2003',53,2),('enim commodo','Aug 25, 2007',3,1),('nuncIn','Nov 30, 2000',10,1),('Quisque varius.','Sep 17, 1998',23,2),('placerat, orci','Aug 20, 2018',15,1),('iaculis nec,','Nov 26, 1991',76,2),('enim.','Apr 23, 2006',82,2);
INSERT INTO providers([name],[creationDate],[nbGames],[types_providers_id]) VALUES('magna. Duis','Feb 21, 2011',30,2),('Proin eget odio.','May 1, 2016',57,1),('accumsan neque et','Aug 22, 2008',19,1),('consequat purus. Maecenas','Nov 10, 2009',86,1),('vel','Sep 29, 1996',36,2),('magnis dis','Sep 5, 2000',49,2),('nonvestibulum','Oct 17, 2017',74,1),('orci,','Sep 19, 2002',39,2),('ultrices sit','Jan 20, 2015',33,1),('non','May 22, 2013',47,2);
INSERT INTO providers([name],[creationDate],[nbGames],[types_providers_id]) VALUES('ut aliquam iaculis,','Jun 7, 2009',2,2),('erat. Vivamus nisi.','Aug 26, 1995',1,1),('magna et','Sep 11, 2016',77,1),('rutrum lorem ac','Dec 2, 1998',22,1),('sit','Feb 7, 1999',48,2),('Proin nisl sem,','May 27, 2014',29,1),('mi lorem,','Dec 13, 1998',3,1),('ultricies','Mar 20, 1990',24,2),('egestas, urna','Mar 19, 2001',39,2),('lacinia mattis. Integer','Oct 3, 2003',25,1);

--Insertion of foreign key in the table acquire
INSERT INTO acquire([customers_id],[accessories_id]) VALUES(1,1),(2,2),(3,3),(4,4),(5,5),(6,6),(7,7),(8,8),(9,9),(10,10);
INSERT INTO acquire([customers_id],[accessories_id]) VALUES(11,11),(12,12),(13,13),(14,14),(15,15),(16,16),(17,17),(18,18),(19,19),(20,20);
INSERT INTO acquire([customers_id],[accessories_id]) VALUES(21,21),(22,22),(23,23),(24,24),(25,25),(26,26),(27,27),(28,28),(29,29),(30,30);
INSERT INTO acquire([customers_id],[accessories_id]) VALUES(31,31),(32,32),(33,33),(34,34),(35,35),(36,36),(37,37),(38,38),(39,39),(40,40);
INSERT INTO acquire([customers_id],[accessories_id]) VALUES(41,41),(42,42),(43,43),(44,44),(45,45),(46,46),(47,47),(48,48),(49,49),(50,50);
INSERT INTO acquire([customers_id],[accessories_id]) VALUES(51,1),(52,2),(53,3),(54,4),(55,5),(56,6),(57,7),(58,8),(59,9),(60,10);
INSERT INTO acquire([customers_id],[accessories_id]) VALUES(61,11),(62,12),(63,13),(64,14),(65,15),(66,16),(67,17),(68,18),(69,19),(70,20);
INSERT INTO acquire([customers_id],[accessories_id]) VALUES(71,21),(72,22),(73,23),(74,24),(75,25),(76,26),(77,27),(78,28),(79,29),(80,30);
INSERT INTO acquire([customers_id],[accessories_id]) VALUES(81,31),(82,32),(83,33),(84,34),(85,35),(86,36),(87,37),(88,38),(89,39),(90,40);
INSERT INTO acquire([customers_id],[accessories_id]) VALUES(91,41),(92,42),(93,43),(94,44),(95,45),(96,46),(97,47),(98,48),(99,49),(100,50);
INSERT INTO acquire([customers_id],[accessories_id]) VALUES(101,1),(102,2),(103,3),(104,4),(105,5),(106,6),(107,7),(108,8),(109,9),(110,10);
INSERT INTO acquire([customers_id],[accessories_id]) VALUES(111,11),(112,12),(113,13),(114,14),(115,15),(116,16),(117,17),(118,18),(19,19),(120,20);
INSERT INTO acquire([customers_id],[accessories_id]) VALUES(121,21),(122,22),(123,23),(124,24),(125,25),(126,26),(127,27),(128,28),(129,29),(130,30);
INSERT INTO acquire([customers_id],[accessories_id]) VALUES(131,31),(132,32),(133,33),(134,34),(135,35),(136,36),(137,37),(138,38),(139,39),(140,40);
INSERT INTO acquire([customers_id],[accessories_id]) VALUES(141,41),(142,42),(143,43),(144,44),(145,45),(146,46),(147,47),(148,48),(149,49),(150,50);
INSERT INTO acquire([customers_id],[accessories_id]) VALUES(151,1),(152,2),(153,3),(154,4),(155,5),(156,6),(157,7),(158,8),(159,9),(160,10);
INSERT INTO acquire([customers_id],[accessories_id]) VALUES(161,11),(162,12),(163,13),(164,14),(165,15),(166,16),(167,17),(168,18),(169,19),(170,20);
INSERT INTO acquire([customers_id],[accessories_id]) VALUES(171,21),(172,22),(173,23),(174,24),(175,25),(176,26),(177,27),(178,28),(179,29),(180,30);
INSERT INTO acquire([customers_id],[accessories_id]) VALUES(181,31),(182,32),(183,33),(184,34),(185,35),(186,36),(187,37),(188,38),(189,39),(190,40);
INSERT INTO acquire([customers_id],[accessories_id]) VALUES(191,41),(192,42),(193,43),(194,44),(195,45),(196,46),(197,47),(198,48),(199,49),(200,50);
INSERT INTO acquire([customers_id],[accessories_id]) VALUES(201,1),(202,2),(203,3),(204,4),(205,5),(206,6),(207,7),(208,8),(209,9),(210,10);
INSERT INTO acquire([customers_id],[accessories_id]) VALUES(211,11),(212,12),(213,13),(214,14),(215,15),(216,16),(217,17),(218,18),(219,19),(220,20);
INSERT INTO acquire([customers_id],[accessories_id]) VALUES(221,21),(222,22),(223,23),(224,24),(225,25),(226,26),(227,27),(228,28),(229,29),(230,30);
INSERT INTO acquire([customers_id],[accessories_id]) VALUES(231,31),(232,32),(233,33),(234,34),(235,35),(236,36),(237,37),(238,38),(239,39),(240,40);
INSERT INTO acquire([customers_id],[accessories_id]) VALUES(241,41),(242,42),(243,43),(244,44),(245,45),(246,46),(247,47),(248,48),(249,49),(250,50);
INSERT INTO acquire([customers_id],[accessories_id]) VALUES(251,1),(252,2),(253,3),(254,4),(255,5),(256,6),(257,7),(258,8),(259,9),(260,10);
INSERT INTO acquire([customers_id],[accessories_id]) VALUES(261,11),(262,12),(263,13),(264,14),(265,15),(266,16),(267,17),(268,18),(269,19),(270,20);
INSERT INTO acquire([customers_id],[accessories_id]) VALUES(271,21),(272,22),(273,23),(274,24),(275,25),(276,26),(277,27),(278,28),(279,29),(280,30);
INSERT INTO acquire([customers_id],[accessories_id]) VALUES(281,31),(282,32),(283,33),(284,34),(285,35),(286,36),(287,37),(288,38),(289,39),(290,40);
INSERT INTO acquire([customers_id],[accessories_id]) VALUES(291,41),(292,42),(293,43),(294,44),(295,45),(296,46),(297,47),(298,48),(299,49),(300,50);

--Insertion of foerign key in the table buy
INSERT INTO buy([customers_id],[games_id]) VALUES(1,1),(2,2),(3,3),(4,4),(5,5),(6,6),(7,7),(8,8),(9,9),(10,10);
INSERT INTO buy([customers_id],[games_id]) VALUES(11,11),(12,12),(13,13),(14,14),(15,15),(16,16),(17,17),(18,18),(19,19),(20,20);
INSERT INTO buy([customers_id],[games_id]) VALUES(21,21),(22,22),(23,23),(24,24),(25,25),(26,26),(27,27),(28,28),(29,29),(30,30);
INSERT INTO buy([customers_id],[games_id]) VALUES(31,31),(32,32),(33,33),(34,34),(35,35),(36,36),(37,37),(38,38),(39,39),(40,40);
INSERT INTO buy([customers_id],[games_id]) VALUES(41,41),(42,42),(43,43),(44,44),(45,45),(46,46),(47,47),(48,48),(49,49),(50,50);
INSERT INTO buy([customers_id],[games_id]) VALUES(51,51),(52,52),(53,53),(54,54),(55,55),(56,56),(57,57),(58,58),(59,59),(60,60);
INSERT INTO buy([customers_id],[games_id]) VALUES(61,61),(62,62),(63,63),(64,64),(65,65),(66,66),(67,67),(68,68),(69,69),(70,70);
INSERT INTO buy([customers_id],[games_id]) VALUES(71,71),(72,72),(73,73),(74,74),(75,75),(76,76),(77,77),(78,78),(79,79),(80,80);
INSERT INTO buy([customers_id],[games_id]) VALUES(81,81),(82,82),(83,83),(84,84),(85,85),(86,86),(87,87),(88,88),(89,89),(90,90);
INSERT INTO buy([customers_id],[games_id]) VALUES(91,91),(92,92),(93,93),(94,94),(95,95),(96,96),(97,97),(98,98),(99,99),(100,100);
INSERT INTO buy([customers_id],[games_id]) VALUES(101,101),(102,102),(103,103),(104,104),(105,105),(106,106),(107,107),(108,108),(109,109),(110,110);
INSERT INTO buy([customers_id],[games_id]) VALUES(111,111),(112,112),(113,113),(114,114),(115,115),(116,116),(117,117),(118,118),(119,119),(120,120);
INSERT INTO buy([customers_id],[games_id]) VALUES(121,121),(122,122),(123,123),(124,124),(125,125),(126,126),(127,127),(128,128),(129,129),(130,130);
INSERT INTO buy([customers_id],[games_id]) VALUES(131,131),(132,132),(133,133),(134,134),(135,135),(136,136),(137,137),(138,138),(139,139),(140,140);
INSERT INTO buy([customers_id],[games_id]) VALUES(141,141),(142,142),(143,143),(144,144),(145,145),(146,146),(147,147),(148,148),(149,149),(150,150);
INSERT INTO buy([customers_id],[games_id]) VALUES(151,1),(152,2),(153,3),(154,4),(155,5),(156,6),(157,7),(158,8),(159,9),(160,10);
INSERT INTO buy([customers_id],[games_id]) VALUES(161,11),(162,12),(163,13),(164,14),(165,15),(166,16),(167,17),(168,18),(169,19),(170,20);
INSERT INTO buy([customers_id],[games_id]) VALUES(171,21),(172,22),(173,23),(174,24),(175,25),(176,26),(177,27),(178,28),(179,29),(180,30);
INSERT INTO buy([customers_id],[games_id]) VALUES(181,31),(182,32),(183,33),(184,34),(185,35),(186,36),(187,37),(188,38),(189,39),(190,40);
INSERT INTO buy([customers_id],[games_id]) VALUES(191,41),(192,42),(193,43),(194,44),(195,45),(196,46),(197,47),(198,48),(199,49),(200,50);
INSERT INTO buy([customers_id],[games_id]) VALUES(201,51),(202,52),(203,53),(204,54),(205,55),(206,56),(207,57),(208,58),(209,59),(210,60);
INSERT INTO buy([customers_id],[games_id]) VALUES(211,61),(212,62),(213,63),(214,64),(215,65),(216,66),(217,67),(218,68),(219,69),(220,70);
INSERT INTO buy([customers_id],[games_id]) VALUES(221,71),(222,72),(223,73),(224,74),(225,75),(226,76),(227,77),(228,78),(229,79),(230,80);
INSERT INTO buy([customers_id],[games_id]) VALUES(231,81),(232,82),(233,83),(234,84),(235,85),(236,86),(237,87),(238,88),(239,89),(240,90);
INSERT INTO buy([customers_id],[games_id]) VALUES(241,91),(242,92),(243,93),(244,94),(245,95),(246,96),(247,97),(248,98),(249,99),(250,100);
INSERT INTO buy([customers_id],[games_id]) VALUES(251,101),(252,102),(253,103),(254,104),(255,105),(256,106),(257,107),(258,108),(259,109),(260,110);
INSERT INTO buy([customers_id],[games_id]) VALUES(261,111),(262,112),(263,113),(264,114),(265,115),(266,116),(267,117),(268,118),(269,119),(270,120);
INSERT INTO buy([customers_id],[games_id]) VALUES(271,121),(272,122),(273,123),(274,124),(275,125),(276,126),(277,127),(278,128),(279,129),(280,130);
INSERT INTO buy([customers_id],[games_id]) VALUES(281,131),(282,132),(283,133),(284,134),(285,135),(286,136),(287,137),(288,138),(289,139),(290,140);
INSERT INTO buy([customers_id],[games_id]) VALUES(291,141),(292,142),(293,143),(294,144),(295,145),(296,146),(297,147),(298,148),(299,149),(300,150);

--Insertion of foreign key in the table need
INSERT INTO need([games_id],[platforms_id]) VALUES(1,1),(2,2),(3,3),(4,4),(5,5),(6,6),(7,7),(8,8),(9,9),(10,10);
INSERT INTO need([games_id],[platforms_id]) VALUES(11,11),(12,12),(13,13),(14,14),(15,15),(16,16),(17,17),(18,18),(19,19),(20,20);
INSERT INTO need([games_id],[platforms_id]) VALUES(21,21),(22,22),(23,23),(24,24),(25,25),(26,26),(27,27),(28,28);
INSERT INTO need([games_id],[platforms_id]) VALUES(29,1),(30,2),(31,3),(32,4),(33,5),(34,6),(35,7),(36,8),(37,9),(38,10);
INSERT INTO need([games_id],[platforms_id]) VALUES(39,11),(40,12),(41,13),(42,14),(43,15),(44,16),(45,17),(46,18),(47,19),(48,20);
INSERT INTO need([games_id],[platforms_id]) VALUES(49,21),(50,22),(51,23),(52,24),(53,25),(54,26),(55,27),(56,28);
INSERT INTO need([games_id],[platforms_id]) VALUES(57,1),(58,2),(59,3),(60,4),(61,5),(62,6),(63,7),(64,8),(65,9),(66,10);
INSERT INTO need([games_id],[platforms_id]) VALUES(67,11),(68,12),(69,13),(70,14),(71,15),(72,16),(73,17),(74,18),(75,19),(76,20);
INSERT INTO need([games_id],[platforms_id]) VALUES(77,21),(78,22),(79,23),(80,24),(81,25),(82,26),(83,27),(84,28);
INSERT INTO need([games_id],[platforms_id]) VALUES(85,1),(86,2),(87,3),(88,4),(89,5),(90,6),(91,7),(92,8),(93,9),(94,10);
INSERT INTO need([games_id],[platforms_id]) VALUES(95,11),(96,12),(97,13),(98,14),(99,15),(100,16),(101,17),(102,18),(103,19),(104,20);
INSERT INTO need([games_id],[platforms_id]) VALUES(105,21),(106,22),(107,23),(108,24),(109,25),(110,26),(111,27),(112,28);
INSERT INTO need([games_id],[platforms_id]) VALUES(113,1),(114,2),(115,3),(116,4),(117,5),(118,6),(119,7),(120,8),(121,9),(122,10);
INSERT INTO need([games_id],[platforms_id]) VALUES(123,11),(124,12),(125,13),(126,14),(127,15),(128,16),(129,17),(130,18),(131,19),(132,20);
INSERT INTO need([games_id],[platforms_id]) VALUES(133,21),(134,22),(135,23),(136,24),(137,25),(138,26),(139,27),(140,28);
INSERT INTO need([games_id],[platforms_id]) VALUES(141,1),(142,2),(143,3),(144,4),(145,5),(146,6),(147,7),(148,8),(149,9),(150,10);

--Insertion of foreign key in the table develop
INSERT INTO develop([providers_id],[games_id]) VALUES(1,1),(2,2),(3,3),(4,4),(5,5),(6,6),(7,7),(8,8),(9,9),(10,10);
INSERT INTO develop([providers_id],[games_id]) VALUES(11,11),(12,12),(13,13),(14,14),(15,15),(16,16),(17,17),(18,18),(19,19),(20,20);
INSERT INTO develop([providers_id],[games_id]) VALUES(21,21),(22,22),(23,23),(24,24),(25,25),(26,26),(27,27),(28,28),(29,29),(30,30);
INSERT INTO develop([providers_id],[games_id]) VALUES(31,31),(32,32),(33,33),(34,34),(35,35),(36,36),(37,37),(38,38),(39,39),(40,40);
INSERT INTO develop([providers_id],[games_id]) VALUES(41,41),(42,42),(43,43),(44,44),(45,45),(46,46),(47,47),(48,48),(49,49),(50,50);
INSERT INTO develop([providers_id],[games_id]) VALUES(51,51),(52,52),(53,53),(54,54),(55,55),(56,56),(57,57),(58,58),(59,59),(60,60);
INSERT INTO develop([providers_id],[games_id]) VALUES(61,61),(62,62),(63,63),(64,64),(65,65),(66,66),(67,67),(68,68),(69,69),(70,70);
INSERT INTO develop([providers_id],[games_id]) VALUES(71,71),(72,72),(73,73),(74,74),(75,75),(76,76),(77,77),(78,78),(79,79),(80,80);
INSERT INTO develop([providers_id],[games_id]) VALUES(81,81),(82,82),(83,83),(84,84),(85,85),(86,86),(87,87),(88,88),(89,89),(90,90);
INSERT INTO develop([providers_id],[games_id]) VALUES(91,91),(92,92),(93,93),(94,94),(95,95),(96,96),(97,97),(98,98),(99,99),(100,100);
INSERT INTO develop([providers_id],[games_id]) VALUES(1,101),(2,102),(3,103),(4,104),(5,105),(6,106),(7,107),(8,108),(9,109),(10,110);
INSERT INTO develop([providers_id],[games_id]) VALUES(11,111),(12,112),(13,113),(14,114),(15,115),(16,116),(17,117),(18,118),(19,119),(20,120);
INSERT INTO develop([providers_id],[games_id]) VALUES(21,121),(22,122),(23,123),(24,124),(25,125),(26,126),(27,127),(28,128),(29,129),(30,130);
INSERT INTO develop([providers_id],[games_id]) VALUES(31,131),(32,132),(33,133),(34,134),(35,135),(36,136),(37,137),(38,138),(39,139),(40,140);
INSERT INTO develop([providers_id],[games_id]) VALUES(41,141),(42,142),(43,143),(44,144),(45,145),(46,146),(47,147),(48,148),(49,149),(50,150);

--ALL OF THESE DATA (except the types_providers table) WERE GENERATED WITH GENERATEDATA.COM !